size_kb,alone_ms,coloc_ms,coloc_over_alone
4,6.58869,6.62115,1.005
8,12.7175,12.768,1.004
12,18.8379,18.8914,1.003
16,24.9724,25.0319,1.002
20,31.0928,31.2621,1.005
24,37.2142,66.3794,1.784
28,43.3515,82.3311,1.899
32,46.9909,250.012,5.32
40,58.5427,354.143,6.049
48,134.127,424.197,3.163
56,151.358,495.392,3.273
64,564.791,566.88,1.004
